{
  "version": "7",
  "dialect": "postgresql",
  "entries": [
    {
      "idx": 0,
      "version": "7",
      "when": 1720605560123,
      "tag": "0000_small_the_renegades",
      "breakpoints": true
    },
    {
      "idx": 1,
      "version": "7",
      "when": 1720606864873,
      "tag": "0001_same_black_bird",
      "breakpoints": true
    },
    {
      "idx": 2,
      "version": "7",
      "when": 1720610671931,
      "tag": "0002_gifted_reaper",
      "breakpoints": true
    },
    {
      "idx": 3,
      "version": "7",
      "when": 1720610760381,
      "tag": "0003_spotty_maximus",
      "breakpoints": true
    },
    {
      "idx": 4,
      "version": "7",
      "when": 1720612320079,
      "tag": "0004_lowly_norman_osborn",
      "breakpoints": true
    },
    {
      "idx": 5,
      "version": "7",
      "when": 1720613944556,
      "tag": "0005_greedy_frank_castle",
      "breakpoints": true
    },
    {
      "idx": 6,
      "version": "7",
      "when": 1720873981075,
      "tag": "0006_high_spencer_smythe",
      "breakpoints": true
    }
  ]
}